"country","vaccine","vax_week_1","vax_week_2","vax_week_3","vax_week_4","vax_week_5","vax_week_6","vax_week_7","vax_week_8","vax_week_9","vax_week_10","vax_week_11","vax_week_12","vax_week_13","vax_week_14","vax_week_15","vax_week_16","vax_week_17","vax_week_18","vax_week_19","vax_week_20","vax_week_21","vax_week_22","vax_week_23","vax_week_24","vax_week_25","vax_week_26","vax_week_27","vax_week_28","vax_week_29","vax_week_30","vax_week_31","vax_week_32","vax_week_33","vax_week_34","vax_week_35","vax_week_36","vax_week_37","vax_week_38","vax_week_39","vax_week_40","vax_week_41","vax_week_42","vax_week_43","vax_week_44","vax_week_45","vax_week_46","vax_week_47","vax_week_48","vax_week_49","vax_week_50","vax_week_51","vax_week_52","vax_week_53","vax_week_54","vax_week_55","vax_week_56","vax_week_57","vax_week_58","vax_week_59","vax_week_60","vax_week_61","vax_week_62","vax_week_63","vax_week_64","vax_week_65","vax_week_66","vax_week_67","vax_week_68","vax_week_69","vax_week_70","vax_week_71","vax_week_72","vax_week_73","vax_week_74","vax_week_75","vax_week_76","vax_week_77","vax_week_78","vax_week_79","vax_week_80","vax_week_81","vax_week_82","vax_week_83","vax_week_84","vax_week_85","vax_week_86","vax_week_87","vax_week_88","vax_week_89","vax_week_90","vax_week_91","vax_week_92","vax_week_93","vax_week_94","vax_week_95","vax_week_96","vax_week_97","vax_week_98","vax_week_99","vax_week_100","vax_week_101","vax_week_102","vax_week_103","vax_week_104","vax_week_105","vax_week_106","vax_week_107","vax_week_108","vax_week_109","vax_week_110","vax_week_111","vax_week_112","vax_week_113","vax_week_114","vax_week_115","vax_week_116","vax_week_117","vax_week_118","vax_week_119","vax_week_120","vax_week_121","vax_week_122","vax_week_123","vax_week_124","vax_week_125","vax_week_126","vax_week_127","vax_week_128","vax_week_129","vax_week_130","vax_week_131","vax_week_132","vax_week_133","vax_week_134","vax_week_135","vax_week_136","vax_week_137","vax_week_138","vax_week_139","vax_week_140","vax_week_141","vax_week_142","vax_week_143","vax_week_144","vax_week_145","vax_week_146","vax_week_147","vax_week_148","vax_week_149","vax_week_150","vax_week_151","vax_week_152","vax_week_153","vax_week_154","vax_week_155","vax_week_156","vax_week_157","vax_week_158","vax_week_159","vax_week_160","vax_week_161","vax_week_162","vax_week_163","vax_week_164","vax_week_165","vax_week_166","vax_week_167","vax_week_168","vax_week_169","vax_week_170","vax_week_171","vax_week_172","vax_week_173","vax_week_174","vax_week_175","vax_week_176","vax_week_177","vax_week_178","vax_week_179","vax_week_180","vax_week_181","vax_week_182","vax_week_183","vax_week_184","vax_week_185","vax_week_186","vax_week_187","vax_week_188","vax_week_189","vax_week_190","vax_week_191","vax_week_192","vax_week_193","vax_week_194","vax_week_195","vax_week_196","vax_week_197","vax_week_198","vax_week_199","vax_week_200","vax_week_201","vax_week_202","vax_week_203","vax_week_204","vax_week_205","vax_week_206","vax_week_207","vax_week_208","vax_week_209","vax_week_210","vax_week_211","vax_week_212","vax_week_213","vax_week_214","vax_week_215","vax_week_216","vax_week_217","vax_week_218","vax_week_219","vax_week_220","vax_week_221","vax_week_222","vax_week_223","vax_week_224","vax_week_225","vax_week_226","vax_week_227","vax_week_228","vax_week_229","vax_week_230","vax_week_231","vax_week_232","vax_week_233","vax_week_234","vax_week_235","vax_week_236","vax_week_237","vax_week_238","vax_week_239","vax_week_240","vax_week_241","vax_week_242","vax_week_243","vax_week_244","vax_week_245","vax_week_246","vax_week_247","vax_week_248","vax_week_249","vax_week_250","vax_week_251","vax_week_252","vax_week_253","vax_week_254","vax_week_255","vax_week_256","vax_week_257","vax_week_258","vax_week_259","vax_week_260"
"All","BCG",50.535048,59.853192,65.138768,69.44488,72.674464,75.171656,77.271768,78.921856,80.483704,81.551408,82.398512,83.03384,83.580928,83.986832,84.304496,84.57804,84.84276,85.054536,85.23984,85.398672,85.539856,85.68104,85.804576,85.910464,86.016352,86.12224,86.21048,86.29872,86.360488,86.43108,86.501672,86.56344,86.616384,86.669328,86.722272,86.766392,86.810512,86.845808,86.898752,86.942872,86.986992,87.013464,87.066408,87.110528,87.154648,87.18112,87.207592,87.242888,87.26936,87.295832,87.331128,87.516432,87.62232,87.692912,87.737032,87.781152,87.825272,87.851744,87.869392,87.895864,87.913512,87.93116,87.948808,87.957632,87.966456,87.97528,87.984104,87.992928,88.001752,88.010576,88.0194,88.028224,88.028224,88.037048,88.045872,88.045872,88.054696,88.06352,88.06352,88.072344,88.072344,88.072344,88.081168,88.081168,88.081168,88.089992,88.089992,88.098816,88.098816,88.098816,88.098816,88.10764,88.10764,88.10764,88.10764,88.10764,88.10764,88.116464,88.116464,88.116464,88.116464,88.116464,88.125288,88.142936,88.15176,88.169408,88.169408,88.169408,88.178232,88.178232,88.187056,88.187056,88.187056,88.19588,88.19588,88.19588,88.19588,88.19588,88.19588,88.204704,88.204704,88.204704,88.204704,88.204704,88.204704,88.204704,88.213528,88.213528,88.213528,88.213528,88.213528,88.213528,88.213528,88.213528,88.213528,88.213528,88.213528,88.213528,88.222352,88.222352,88.222352,88.222352,88.222352,88.222352,88.222352,88.222352,88.222352,88.222352,88.222352,88.222352,88.222352,88.222352,88.222352,88.222352,88.222352,88.222352,88.222352,88.222352,88.222352,88.222352,88.231176,88.231176,88.231176,88.231176,88.231176,88.231176,88.231176,88.231176,88.231176,88.231176,88.231176,88.231176,88.231176,88.231176,88.231176,88.231176,88.231176,88.231176,88.231176,88.231176,88.231176,88.231176,88.231176,88.231176,88.24,88.24,88.24,88.24,88.24,88.24,88.24,88.24,88.24,88.24,88.24,88.24,88.24,88.24,88.24,88.24,88.24,88.24,88.24,88.24,88.24,88.24,88.24,88.24,88.24,88.24,88.24,88.24,88.24,88.24,88.24,88.24,88.24,88.24,88.24,88.24,88.24,88.24,88.24,88.24,88.24,88.24,88.24,88.24,88.24,88.24,88.24,88.24,88.24,88.24,88.24,88.24,88.24,88.24,88.24,88.24,88.24,88.24,88.24,88.24,88.24,88.24,88.24,88.24,88.24,88.24,88.24,88.24,88.24,88.24,88.24,88.24,88.24,88.24,88.24,88.24
"All","DTP-D1",1.093089,1.661151,2.444388,4.028076,7.22988,18.487836,34.307502,44.937147,55.592613,63.140952,68.141619,71.326209,73.770597,75.457569,76.593693,77.574891,78.392556,79.046688,79.563108,79.976244,80.329131,80.656197,80.940228,81.172617,81.387792,81.59436,81.783714,81.947247,82.084959,82.19685,82.308741,82.412025,82.506702,82.592772,82.670235,82.756305,82.825161,82.88541,82.962873,83.031729,83.100585,83.152227,83.203869,83.264118,83.307153,83.350188,83.393223,83.436258,83.479293,83.513721,83.556756,83.599791,83.642826,83.685861,83.711682,83.754717,83.806359,83.883822,83.995713,84.073176,84.150639,84.210888,84.253923,84.296958,84.331386,84.365814,84.400242,84.426063,84.486312,84.580989,84.675666,84.744522,84.821985,84.908055,84.985518,85.045767,85.114623,85.192086,85.278156,85.355619,85.424475,85.476117,85.519152,85.562187,85.605222,85.63965,85.665471,85.691292,85.717113,85.72572,85.742934,85.760148,85.768755,85.785969,85.794576,85.81179,85.820397,85.829004,85.837611,85.846218,85.854825,85.854825,85.863432,85.880646,85.880646,85.89786,85.89786,85.906467,85.915074,85.923681,85.932288,85.940895,85.949502,85.958109,85.966716,85.966716,85.966716,85.975323,85.975323,85.98393,85.98393,85.992537,85.992537,86.001144,86.001144,86.009751,86.009751,86.009751,86.018358,86.018358,86.018358,86.018358,86.026965,86.026965,86.026965,86.026965,86.026965,86.035572,86.035572,86.035572,86.035572,86.035572,86.044179,86.044179,86.044179,86.044179,86.044179,86.044179,86.044179,86.044179,86.044179,86.044179,86.044179,86.044179,86.052786,86.052786,86.052786,86.052786,86.052786,86.052786,86.052786,86.052786,86.052786,86.052786,86.052786,86.052786,86.052786,86.052786,86.052786,86.052786,86.061393,86.061393,86.061393,86.061393,86.061393,86.061393,86.061393,86.061393,86.061393,86.061393,86.061393,86.061393,86.061393,86.061393,86.061393,86.061393,86.061393,86.061393,86.061393,86.061393,86.061393,86.061393,86.061393,86.061393,86.061393,86.061393,86.061393,86.061393,86.07,86.07,86.07,86.07,86.07,86.07,86.07,86.07,86.07,86.07,86.07,86.07,86.07,86.07,86.07,86.07,86.07,86.07,86.07,86.07,86.07,86.07,86.07,86.07,86.07,86.07,86.07,86.07,86.07,86.07,86.07,86.07,86.07,86.07,86.07,86.07,86.07,86.07,86.07,86.07,86.07,86.07,86.07,86.07,86.07,86.07,86.07,86.07,86.07,86.07,86.07,86.07,86.07,86.07,86.07,86.07,86.07,86.07,86.07,86.07,86.07,86.07
"All","DTP-D2",0.16398,0.196776,0.270567,0.401751,0.57393,0.844497,1.369233,2.148138,3.869928,9.248472,19.931769,29.18844,36.985689,43.348113,48.103533,52.498197,57.286413,61.959843,65.649393,68.182884,70.191639,71.82324,73.020294,73.87299,74.627298,75.373407,75.980133,76.480272,76.923018,77.308371,77.669127,77.956092,78.193863,78.407037,78.644808,78.833385,78.989166,79.144947,79.308927,79.440111,79.563096,79.661484,79.759872,79.866459,79.964847,80.046837,80.112429,80.178021,80.251812,80.309205,80.366598,80.423991,80.481384,80.522379,80.571573,80.620767,80.669961,80.727354,80.768349,80.801145,80.850339,80.915931,80.997921,81.063513,81.137304,81.211095,81.260289,81.301284,81.350478,81.399672,81.440667,81.473463,81.506259,81.530856,81.555453,81.58005,81.596448,81.612846,81.629244,81.653841,81.66204,81.678438,81.694836,81.703035,81.711234,81.727632,81.735831,81.735831,81.752229,81.760428,81.760428,81.768627,81.776826,81.785025,81.793224,81.801423,81.809622,81.809622,81.817821,81.82602,81.82602,81.834219,81.834219,81.834219,81.842418,81.842418,81.842418,81.850617,81.850617,81.858816,81.858816,81.858816,81.867015,81.875214,81.875214,81.883413,81.891612,81.899811,81.899811,81.90801,81.916209,81.916209,81.916209,81.924408,81.924408,81.924408,81.932607,81.932607,81.932607,81.932607,81.940806,81.940806,81.940806,81.940806,81.940806,81.949005,81.949005,81.949005,81.949005,81.949005,81.949005,81.949005,81.949005,81.949005,81.957204,81.957204,81.957204,81.957204,81.957204,81.957204,81.957204,81.957204,81.957204,81.965403,81.965403,81.965403,81.965403,81.965403,81.965403,81.965403,81.965403,81.965403,81.965403,81.965403,81.965403,81.965403,81.965403,81.965403,81.965403,81.973602,81.973602,81.973602,81.973602,81.973602,81.973602,81.973602,81.973602,81.973602,81.973602,81.973602,81.973602,81.973602,81.973602,81.973602,81.973602,81.973602,81.973602,81.973602,81.973602,81.973602,81.973602,81.973602,81.973602,81.973602,81.981801,81.981801,81.981801,81.981801,81.981801,81.981801,81.981801,81.981801,81.981801,81.981801,81.981801,81.981801,81.981801,81.981801,81.981801,81.981801,81.981801,81.981801,81.981801,81.981801,81.981801,81.981801,81.981801,81.99,81.99,81.99,81.99,81.99,81.99,81.99,81.99,81.99,81.99,81.99,81.99,81.99,81.99,81.99,81.99,81.99,81.99,81.99,81.99,81.99,81.99,81.99,81.99,81.99,81.99,81.99,81.99,81.99,81.99,81.99,81.99,81.99,81.99,81.99,81.99,81.99,81.99,81.99,81.99,81.99,81.99,81.99
"All","DTP-D3",0.022845,0.022845,0.038075,0.04569,0.053305,0.083765,0.114225,0.159915,0.266525,0.418825,0.738655,1.241245,2.31496,5.520875,11.841325,19.35733,25.96715,31.792625,36.422545,39.971135,42.96383,45.606235,47.753665,49.703105,52.155135,55.307745,58.42228,60.973305,62.831365,64.323905,65.58038,66.593175,67.339445,68.0781,68.786295,69.38788,69.84478,70.30168,70.766195,71.18502,71.527695,71.832295,72.136895,72.411035,72.6471,72.837475,73.005005,73.16492,73.33245,73.45429,73.583745,73.7132,73.827425,73.918805,74.010185,74.086335,74.1701,74.253865,74.3224,74.39855,74.4747,74.55085,74.59654,74.65746,74.71838,74.79453,74.88591,74.969675,75.05344,75.137205,75.20574,75.259045,75.319965,75.365655,75.411345,75.44942,75.49511,75.533185,75.58649,75.624565,75.655025,75.67787,75.700715,75.72356,75.73879,75.761635,75.776865,75.792095,75.807325,75.822555,75.837785,75.8454,75.86063,75.868245,75.883475,75.89109,75.898705,75.898705,75.90632,75.90632,75.913935,75.929165,75.93678,75.944395,75.944395,75.95201,75.959625,75.96724,75.96724,75.974855,75.98247,75.98247,75.990085,75.990085,75.9977,75.9977,76.005315,76.01293,76.020545,76.035775,76.035775,76.04339,76.051005,76.05862,76.066235,76.066235,76.066235,76.07385,76.07385,76.07385,76.081465,76.081465,76.08908,76.08908,76.08908,76.096695,76.096695,76.096695,76.10431,76.10431,76.10431,76.111925,76.111925,76.111925,76.111925,76.111925,76.11954,76.11954,76.11954,76.11954,76.11954,76.11954,76.11954,76.11954,76.11954,76.11954,76.127155,76.127155,76.127155,76.127155,76.127155,76.127155,76.127155,76.127155,76.127155,76.127155,76.127155,76.127155,76.127155,76.127155,76.13477,76.13477,76.13477,76.13477,76.13477,76.13477,76.13477,76.13477,76.13477,76.13477,76.13477,76.13477,76.13477,76.13477,76.13477,76.13477,76.13477,76.13477,76.13477,76.142385,76.142385,76.142385,76.142385,76.142385,76.142385,76.142385,76.142385,76.142385,76.142385,76.142385,76.142385,76.142385,76.142385,76.142385,76.142385,76.142385,76.142385,76.142385,76.142385,76.142385,76.142385,76.142385,76.142385,76.142385,76.142385,76.15,76.15,76.15,76.15,76.15,76.15,76.15,76.15,76.15,76.15,76.15,76.15,76.15,76.15,76.15,76.15,76.15,76.15,76.15,76.15,76.15,76.15,76.15,76.15,76.15,76.15,76.15,76.15,76.15,76.15,76.15,76.15,76.15,76.15,76.15,76.15,76.15,76.15,76.15,76.15,76.15,76.15,76.15,76.15,76.15
"All","OPV-BD",45.107006,51.315754,54.336226,56.66612,58.227988,59.396162,60.196458,60.79668,61.351724,61.73251,62.016486,62.21656,62.416634,62.558622,62.674794,62.76515,62.855506,62.945862,63.016856,63.062034,63.12012,63.191114,63.236292,63.275016,63.320194,63.371826,63.41055,63.449274,63.47509,63.500906,63.53963,63.565446,63.584808,63.610624,63.642894,63.66871,63.688072,63.707434,63.73325,63.752612,63.771974,63.784882,63.817152,63.842968,63.86233,63.875238,63.8946,63.913962,63.92687,63.946232,63.965594,64.139852,64.204392,64.24957,64.275386,64.301202,64.320564,64.333472,64.34638,64.359288,64.365742,64.372196,64.37865,64.385104,64.391558,64.398012,64.404466,64.404466,64.41092,64.417374,64.417374,64.423828,64.423828,64.430282,64.430282,64.436736,64.436736,64.44319,64.44319,64.44319,64.44319,64.449644,64.449644,64.449644,64.449644,64.456098,64.456098,64.456098,64.456098,64.462552,64.462552,64.462552,64.469006,64.469006,64.469006,64.469006,64.469006,64.47546,64.47546,64.47546,64.47546,64.47546,64.481914,64.488368,64.494822,64.501276,64.501276,64.501276,64.50773,64.50773,64.50773,64.50773,64.514184,64.514184,64.514184,64.514184,64.514184,64.514184,64.514184,64.520638,64.520638,64.520638,64.520638,64.520638,64.520638,64.520638,64.520638,64.520638,64.520638,64.520638,64.520638,64.527092,64.527092,64.527092,64.527092,64.527092,64.527092,64.527092,64.527092,64.527092,64.527092,64.527092,64.527092,64.533546,64.533546,64.533546,64.533546,64.533546,64.533546,64.533546,64.533546,64.533546,64.533546,64.533546,64.533546,64.533546,64.533546,64.533546,64.533546,64.533546,64.533546,64.533546,64.533546,64.533546,64.533546,64.533546,64.533546,64.533546,64.533546,64.533546,64.533546,64.54,64.54,64.54,64.54,64.54,64.54,64.54,64.54,64.54,64.54,64.54,64.54,64.54,64.54,64.54,64.54,64.54,64.54,64.54,64.54,64.54,64.54,64.54,64.54,64.54,64.54,64.54,64.54,64.54,64.54,64.54,64.54,64.54,64.54,64.54,64.54,64.54,64.54,64.54,64.54,64.54,64.54,64.54,64.54,64.54,64.54,64.54,64.54,64.54,64.54,64.54,64.54,64.54,64.54,64.54,64.54,64.54,64.54,64.54,64.54,64.54,64.54,64.54,64.54,64.54,64.54,64.54,64.54,64.54,64.54,64.54,64.54,64.54,64.54,64.54,64.54,64.54,64.54,64.54,64.54,64.54,64.54,64.54,64.54,64.54,64.54,64.54,64.54,64.54
"All","OPV-D1",1.01473,1.54207,2.24519,3.63545,6.43195,17.33031,33.78172,43.91304,53.33325,59.88505,64.19965,66.93223,69.12948,70.85532,72.11774,73.11649,73.95544,74.65057,75.17791,75.5854,75.92098,76.24857,76.52822,76.75993,76.97566,77.1834,77.35918,77.503,77.63084,77.7427,77.84657,77.94245,78.02235,78.09426,78.16617,78.23808,78.302,78.35793,78.42185,78.47778,78.53371,78.57366,78.61361,78.66155,78.7015,78.73346,78.76542,78.79738,78.82934,78.8613,78.90125,78.9412,78.98115,79.01311,79.04507,79.07703,79.11698,79.1809,79.27678,79.3407,79.40462,79.45256,79.49251,79.52447,79.54045,79.57241,79.58839,79.60437,79.61236,79.62834,79.64432,79.65231,79.6603,79.66829,79.67628,79.68427,79.69226,79.70025,79.70824,79.71623,79.72422,79.72422,79.73221,79.7402,79.7402,79.74819,79.74819,79.75618,79.75618,79.76417,79.76417,79.76417,79.77216,79.77216,79.78015,79.78814,79.78814,79.78814,79.78814,79.78814,79.79613,79.79613,79.79613,79.80412,79.80412,79.80412,79.80412,79.81211,79.8201,79.8201,79.82809,79.83608,79.84407,79.84407,79.85206,79.85206,79.85206,79.85206,79.85206,79.85206,79.85206,79.86005,79.86005,79.86005,79.86804,79.86804,79.86804,79.86804,79.86804,79.86804,79.86804,79.86804,79.87603,79.87603,79.87603,79.87603,79.87603,79.87603,79.87603,79.87603,79.87603,79.88402,79.88402,79.88402,79.88402,79.88402,79.88402,79.88402,79.88402,79.88402,79.88402,79.88402,79.88402,79.88402,79.88402,79.88402,79.88402,79.88402,79.88402,79.88402,79.88402,79.89201,79.89201,79.89201,79.89201,79.89201,79.89201,79.89201,79.89201,79.89201,79.89201,79.89201,79.89201,79.89201,79.9,79.9,79.9,79.9,79.9,79.9,79.9,79.9,79.9,79.9,79.9,79.9,79.9,79.9,79.9,79.9,79.9,79.9,79.9,79.9,79.9,79.9,79.9,79.9,79.9,79.9,79.9,79.9,79.9,79.9,79.9,79.9,79.9,79.9,79.9,79.9,79.9,79.9,79.9,79.9,79.9,79.9,79.9,79.9,79.9,79.9,79.9,79.9,79.9,79.9,79.9,79.9,79.9,79.9,79.9,79.9,79.9,79.9,79.9,79.9,79.9,79.9,79.9,79.9,79.9,79.9,79.9,79.9,79.9,79.9,79.9,79.9,79.9,79.9,79.9,79.9,79.9,79.9,79.9,79.9,79.9,79.9,79.9,79.9,79.9,79.9
"All","OPV-D2",0.07526,0.105364,0.135468,0.240832,0.391352,0.707444,1.27942,2.077176,3.860838,9.091408,19.64286,28.734268,36.365632,42.469218,47.067604,50.943494,54.819384,58.461968,61.26164,63.240978,64.813912,66.176118,67.214706,67.989884,68.659698,69.291882,69.833754,70.300366,70.691718,71.04544,71.38411,71.639994,71.850722,72.06145,72.272178,72.430224,72.58827,72.731264,72.881784,73.009726,73.130142,73.22798,73.325818,73.423656,73.513968,73.589228,73.649436,73.71717,73.784904,73.837586,73.882742,73.935424,73.988106,74.025736,74.070892,74.116048,74.161204,74.20636,74.24399,74.28162,74.326776,74.379458,74.462244,74.522452,74.58266,74.642868,74.69555,74.73318,74.77081,74.80844,74.84607,74.868648,74.898752,74.913804,74.928856,74.951434,74.966486,74.981538,74.99659,75.011642,75.019168,75.03422,75.041746,75.049272,75.056798,75.064324,75.07185,75.079376,75.086902,75.086902,75.094428,75.101954,75.10948,75.117006,75.117006,75.124532,75.132058,75.132058,75.139584,75.139584,75.14711,75.14711,75.14711,75.154636,75.154636,75.162162,75.162162,75.162162,75.169688,75.169688,75.169688,75.177214,75.177214,75.18474,75.18474,75.192266,75.199792,75.199792,75.207318,75.207318,75.214844,75.214844,75.214844,75.214844,75.22237,75.22237,75.22237,75.22237,75.229896,75.229896,75.229896,75.229896,75.229896,75.229896,75.229896,75.229896,75.237422,75.237422,75.237422,75.237422,75.237422,75.237422,75.237422,75.237422,75.237422,75.237422,75.237422,75.244948,75.244948,75.244948,75.244948,75.244948,75.244948,75.244948,75.244948,75.244948,75.244948,75.244948,75.244948,75.244948,75.244948,75.244948,75.252474,75.252474,75.252474,75.252474,75.252474,75.252474,75.252474,75.252474,75.252474,75.252474,75.252474,75.252474,75.252474,75.252474,75.252474,75.252474,75.252474,75.252474,75.252474,75.252474,75.252474,75.252474,75.252474,75.26,75.26,75.26,75.26,75.26,75.26,75.26,75.26,75.26,75.26,75.26,75.26,75.26,75.26,75.26,75.26,75.26,75.26,75.26,75.26,75.26,75.26,75.26,75.26,75.26,75.26,75.26,75.26,75.26,75.26,75.26,75.26,75.26,75.26,75.26,75.26,75.26,75.26,75.26,75.26,75.26,75.26,75.26,75.26,75.26,75.26,75.26,75.26,75.26,75.26,75.26,75.26,75.26,75.26,75.26,75.26,75.26,75.26,75.26,75.26,75.26,75.26,75.26,75.26,75.26,75.26,75.26,75.26,75.26,75.26,75.26,75.26,75.26,75.26,75.26
"All","OPV-D3",0.03468,0.041616,0.055488,0.062424,0.076296,0.110976,0.152592,0.201144,0.298248,0.45084,0.776832,1.269288,2.28888,5.222808,11.021304,17.922624,24.012432,29.276856,33.410712,36.608208,39.320184,41.72004,43.703736,45.507096,47.622576,50.237448,52.824576,54.988608,56.583888,57.873984,58.969872,59.843808,60.495792,61.161648,61.813632,62.361576,62.791608,63.228576,63.755712,64.303656,64.719816,65.087424,65.44116,65.767152,66.023784,66.231864,66.405264,66.564792,66.738192,66.856104,66.980952,67.1058,67.216776,67.306944,67.404048,67.473408,67.55664,67.626,67.69536,67.76472,67.827144,67.896504,67.93812,67.993608,68.056032,68.125392,68.208624,68.28492,68.35428,68.42364,68.479128,68.52768,68.583168,68.624784,68.659464,68.708016,68.742696,68.784312,68.832864,68.860608,68.888352,68.916096,68.94384,68.964648,68.97852,68.992392,69.0132,69.027072,69.040944,69.054816,69.061752,69.075624,69.096432,69.103368,69.110304,69.11724,69.124176,69.131112,69.138048,69.144984,69.144984,69.158856,69.165792,69.172728,69.172728,69.179664,69.1866,69.193536,69.200472,69.200472,69.207408,69.207408,69.214344,69.214344,69.22128,69.22128,69.228216,69.235152,69.242088,69.25596,69.25596,69.269832,69.276768,69.283704,69.283704,69.29064,69.29064,69.29064,69.297576,69.297576,69.304512,69.304512,69.311448,69.311448,69.311448,69.311448,69.318384,69.318384,69.318384,69.32532,69.32532,69.32532,69.32532,69.332256,69.332256,69.332256,69.332256,69.332256,69.332256,69.332256,69.332256,69.332256,69.339192,69.339192,69.339192,69.339192,69.339192,69.339192,69.339192,69.339192,69.339192,69.339192,69.339192,69.339192,69.346128,69.346128,69.346128,69.346128,69.346128,69.346128,69.346128,69.346128,69.346128,69.346128,69.346128,69.346128,69.346128,69.346128,69.346128,69.346128,69.346128,69.346128,69.353064,69.353064,69.353064,69.353064,69.353064,69.353064,69.353064,69.353064,69.353064,69.353064,69.353064,69.353064,69.353064,69.353064,69.353064,69.353064,69.353064,69.353064,69.353064,69.353064,69.353064,69.353064,69.353064,69.353064,69.353064,69.353064,69.353064,69.353064,69.353064,69.36,69.36,69.36,69.36,69.36,69.36,69.36,69.36,69.36,69.36,69.36,69.36,69.36,69.36,69.36,69.36,69.36,69.36,69.36,69.36,69.36,69.36,69.36,69.36,69.36,69.36,69.36,69.36,69.36,69.36,69.36,69.36,69.36,69.36,69.36,69.36,69.36,69.36,69.36,69.36,69.36,69.36,69.36,69.36,69.36,69.36,69.36,69.36,69.36
"All","IPV-D1",0.098976,0.148464,0.18558,0.21651,0.24744,0.43302,0.593856,0.717576,0.890784,1.08255,1.36092,1.67022,2.462028,7.410828,16.900152,25.071858,30.34233,34.88904,38.563524,41.637966,43.9206,45.80733,47.316714,48.603402,49.692138,51.12729,52.327374,53.317134,54.084198,54.68424,55.166748,55.575024,55.909068,56.249298,56.608086,56.905014,57.177198,57.486498,57.907146,58.284492,58.569048,58.841232,59.039184,59.255694,59.41653,59.546436,59.639226,59.713458,59.81862,59.91141,59.998014,60.09699,60.183594,60.245454,60.307314,60.362988,60.43722,60.492894,60.548568,60.604242,60.666102,60.727962,60.765078,60.802194,60.851682,60.913542,60.987774,61.080564,61.123866,61.204284,61.253772,61.297074,61.328004,61.358934,61.389864,61.414608,61.42698,61.451724,61.476468,61.495026,61.513584,61.525956,61.532142,61.544514,61.563072,61.575444,61.58163,61.587816,61.594002,61.606374,61.631118,61.64349,61.649676,61.649676,61.662048,61.662048,61.67442,61.680606,61.699164,61.699164,61.70535,61.711536,61.717722,61.730094,61.730094,61.742466,61.748652,61.754838,61.761024,61.76721,61.76721,61.76721,61.76721,61.779582,61.779582,61.785768,61.785768,61.791954,61.791954,61.804326,61.810512,61.822884,61.82907,61.835256,61.835256,61.835256,61.841442,61.841442,61.841442,61.841442,61.841442,61.847628,61.847628,61.853814,61.853814,61.853814,61.853814,61.853814,61.853814,61.853814,61.86,61.86,61.86,61.86,61.86,61.86,61.86,61.86,61.86,61.86,61.86,61.86,61.86,61.86,61.86,61.86,61.86,61.86,61.86,61.86,61.86,61.86,61.86,61.86,61.86,61.86,61.86,61.86,61.86,61.86,61.86,61.86,61.86,61.86,61.86,61.86,61.86,61.86,61.86,61.86,61.86,61.86,61.86,61.86,61.86,61.86,61.86,61.86,61.86,61.86,61.86,61.86,61.86,61.86,61.86,61.86,61.86,61.86,61.86,61.86,61.86,61.86,61.86,61.86,61.86,61.86,61.86,61.86,61.86,61.86,61.86,61.86,61.86,61.86,61.86,61.86,61.86,61.86,61.86,61.86,61.86,61.86,61.86,61.86,61.86,61.86,61.86,61.86,61.86,61.86,61.86,61.86,61.86,61.86,61.86,61.86,61.86,61.86,61.86,61.86,61.86,61.86,61.86,61.86,61.86,61.86,61.86,61.86,61.86,61.86,61.86,61.86,61.86,61.86,61.86,61.86,61.86,61.86,61.86,61.86
"All","MCV-D1",0.177584,0.226016,0.250232,0.290592,0.330952,0.395528,0.500464,0.556968,0.629616,0.678048,0.734552,0.774912,0.831416,0.879848,0.944424,1.017072,1.08972,1.17044,1.243088,1.307664,1.380312,1.469104,1.549824,1.630544,1.719336,1.913064,2.114864,2.244016,2.38124,2.526536,2.712192,2.930136,3.212656,3.600112,4.326592,5.2468,6.570608,8.806552,16.337728,25.927264,33.200136,38.858608,43.395072,46.809528,49.368352,51.354064,53.049184,54.461784,55.591864,57.682512,59.539072,62.348128,65.42356,68.038888,69.919664,71.138536,72.12332,72.882088,73.479416,73.93952,74.391552,74.779008,75.158392,75.39248,75.675,75.933304,76.167392,76.36112,76.530632,76.700144,76.861584,77.014952,77.152176,77.273256,77.434696,77.563848,77.709144,77.862512,78.01588,78.161176,78.266112,78.362976,78.45984,78.564776,78.637424,78.710072,78.790792,78.855368,78.936088,79.008736,79.1056,79.250896,79.363904,79.436552,79.493056,79.573776,79.63028,79.678712,79.719072,79.759432,79.79172,79.840152,79.87244,79.904728,79.95316,80.001592,80.025808,80.058096,80.082312,80.106528,80.122672,80.138816,80.146888,80.171104,80.187248,80.211464,80.227608,80.243752,80.251824,80.267968,80.284112,80.300256,80.3164,80.324472,80.332544,80.340616,80.35676,80.364832,80.364832,80.380976,80.389048,80.39712,80.405192,80.413264,80.421336,80.429408,80.43748,80.43748,80.453624,80.461696,80.469768,80.47784,80.485912,80.493984,80.502056,80.502056,80.510128,80.5182,80.5182,80.526272,80.526272,80.526272,80.526272,80.534344,80.534344,80.534344,80.542416,80.550488,80.550488,80.55856,80.55856,80.566632,80.574704,80.574704,80.574704,80.582776,80.590848,80.590848,80.590848,80.59892,80.606992,80.606992,80.606992,80.615064,80.615064,80.615064,80.615064,80.623136,80.623136,80.623136,80.623136,80.623136,80.631208,80.631208,80.631208,80.63928,80.63928,80.63928,80.63928,80.63928,80.647352,80.647352,80.647352,80.647352,80.655424,80.655424,80.655424,80.655424,80.663496,80.663496,80.663496,80.663496,80.663496,80.671568,80.671568,80.671568,80.671568,80.67964,80.67964,80.67964,80.67964,80.67964,80.67964,80.687712,80.687712,80.687712,80.687712,80.695784,80.695784,80.695784,80.695784,80.695784,80.703856,80.703856,80.703856,80.703856,80.703856,80.703856,80.703856,80.703856,80.711928,80.711928,80.711928,80.711928,80.711928,80.711928,80.711928,80.711928,80.711928,80.711928,80.72,80.72,80.72,80.72,80.72,80.72,80.72,80.72,80.72,80.72,80.72,80.72,80.72,80.72,80.72,80.72,80.72,80.72,80.72,80.72
"All","MCV-D2",0.014526,0.019368,0.019368,0.02421,0.029052,0.038736,0.04842,0.053262,0.062946,0.082314,0.14526,0.179154,0.227574,0.275994,0.31473,0.348624,0.397044,0.450306,0.522936,0.585882,0.648828,0.7263,0.784404,0.84735,0.89577,0.963558,1.026504,1.079766,1.152396,1.195974,1.23471,1.268604,1.302498,1.33155,1.399338,1.4526,1.515546,1.593018,1.883538,2.212794,2.454894,2.63889,2.822886,2.992356,3.132774,3.26835,3.374874,3.515292,3.612132,3.72834,3.839706,4.1157,4.469166,4.759686,4.982418,5.209992,5.384304,5.558616,5.718402,5.868504,6.081552,6.299442,6.570594,6.967638,8.241084,9.858312,11.078496,12.167946,13.446234,15.39756,17.208468,18.903168,20.593026,22.278042,23.793588,25.304292,27.032886,29.739564,32.954652,35.457966,37.409292,39.007152,40.241862,41.200578,42.02856,42.65802,43.224534,43.728102,44.168724,44.536716,44.88534,45.180702,45.44217,45.650376,45.85374,46.066788,46.212048,46.352466,46.502568,46.642986,46.744668,46.880244,46.977084,47.06424,47.156238,47.243394,47.316024,47.369286,47.432232,47.490336,47.538756,47.582334,47.625912,47.659806,47.688858,47.727594,47.771172,47.809908,47.843802,47.877696,47.906748,47.950326,47.974536,48.003588,48.018114,48.042324,48.066534,48.08106,48.100428,48.12948,48.1779,48.197268,48.211794,48.236004,48.25053,48.269898,48.284424,48.303792,48.313476,48.328002,48.332844,48.342528,48.34737,48.352212,48.357054,48.357054,48.361896,48.366738,48.366738,48.366738,48.376422,48.381264,48.381264,48.381264,48.386106,48.386106,48.386106,48.386106,48.386106,48.386106,48.390948,48.390948,48.390948,48.39579,48.39579,48.39579,48.39579,48.39579,48.39579,48.39579,48.39579,48.39579,48.39579,48.39579,48.400632,48.400632,48.400632,48.400632,48.400632,48.405474,48.405474,48.405474,48.405474,48.410316,48.410316,48.410316,48.410316,48.410316,48.410316,48.410316,48.410316,48.410316,48.410316,48.410316,48.415158,48.415158,48.415158,48.415158,48.415158,48.415158,48.415158,48.415158,48.415158,48.415158,48.42,48.42,48.42,48.42,48.42,48.42,48.42,48.42,48.42,48.42,48.42,48.42,48.42,48.42,48.42,48.42,48.42,48.42,48.42,48.42,48.42,48.42,48.42,48.42,48.42,48.42,48.42,48.42,48.42,48.42,48.42,48.42,48.42,48.42,48.42,48.42,48.42,48.42,48.42,48.42,48.42,48.42,48.42,48.42,48.42,48.42,48.42,48.42,48.42,48.42,48.42,48.42,48.42,48.42,48.42,48.42
"All","HepB-BD",50.230806,52.811008,54.227348,55.57595,56.37649,56.912236,57.460298,57.811304,58.260838,58.47021,58.630318,58.753478,58.93206,59.02443,59.135274,59.227644,59.338488,59.437016,59.504754,59.54786,59.627914,59.707968,59.751074,59.788022,59.818812,59.880392,59.91734,59.935814,59.960446,59.997394,60.028184,60.046658,60.07129,60.089764,60.114396,60.13287,60.151344,60.16366,60.200608,60.22524,60.249872,60.262188,60.31761,60.3484,60.360716,60.373032,60.385348,60.416138,60.434612,60.453086,60.477718,61.130466,61.21052,61.24131,61.265942,61.284416,61.309048,61.321364,61.33368,61.339838,61.358312,61.36447,61.36447,61.370628,61.376786,61.382944,61.389102,61.389102,61.39526,61.401418,61.407576,61.407576,61.413734,61.419892,61.42605,61.42605,61.42605,61.432208,61.432208,61.438366,61.438366,61.438366,61.444524,61.444524,61.444524,61.444524,61.450682,61.450682,61.45684,61.45684,61.45684,61.45684,61.462998,61.462998,61.469156,61.469156,61.469156,61.475314,61.475314,61.475314,61.475314,61.481472,61.481472,61.536894,61.543052,61.543052,61.54921,61.555368,61.555368,61.555368,61.555368,61.561526,61.561526,61.561526,61.561526,61.561526,61.567684,61.567684,61.567684,61.567684,61.567684,61.567684,61.567684,61.573842,61.573842,61.573842,61.573842,61.573842,61.573842,61.573842,61.573842,61.573842,61.573842,61.573842,61.58,61.58,61.58,61.58,61.58,61.58,61.58,61.58,61.58,61.58,61.58,61.58,61.58,61.58,61.58,61.58,61.58,61.58,61.58,61.58,61.58,61.58,61.58,61.58,61.58,61.58,61.58,61.58,61.58,61.58,61.58,61.58,61.58,61.58,61.58,61.58,61.58,61.58,61.58,61.58,61.58,61.58,61.58,61.58,61.58,61.58,61.58,61.58,61.58,61.58,61.58,61.58,61.58,61.58,61.58,61.58,61.58,61.58,61.58,61.58,61.58,61.58,61.58,61.58,61.58,61.58,61.58,61.58,61.58,61.58,61.58,61.58,61.58,61.58,61.58,61.58,61.58,61.58,61.58,61.58,61.58,61.58,61.58,61.58,61.58,61.58,61.58,61.58,61.58,61.58,61.58,61.58,61.58,61.58,61.58,61.58,61.58,61.58,61.58,61.58,61.58,61.58,61.58,61.58,61.58,61.58,61.58,61.58,61.58,61.58,61.58,61.58,61.58,61.58,61.58,61.58,61.58,61.58,61.58,61.58,61.58,61.58,61.58,61.58,61.58,61.58
"All","HepB-D1",2.537,3.3454,3.9474,5.1772,7.5336,20.5196,39.8524,50.0262,59.8388,66.3404,70.6404,73.53,75.8262,77.4344,78.5438,79.507,80.2552,80.8486,81.313,81.6828,82.001,82.302,82.56,82.7836,82.9814,83.162,83.3082,83.4458,83.5748,83.6866,83.7726,83.85,83.9446,84.0134,84.0822,84.151,84.2112,84.2714,84.323,84.3832,84.4348,84.4864,84.538,84.5896,84.6326,84.6756,84.7186,84.7616,84.796,84.8304,84.882,84.9422,84.9852,85.0282,85.054,85.0884,85.1228,85.1916,85.3292,85.398,85.4754,85.5356,85.5786,85.613,85.6388,85.6646,85.6818,85.699,85.7162,85.7334,85.742,85.7506,85.7592,85.7764,85.785,85.7936,85.8022,85.8108,85.8194,85.828,85.828,85.8366,85.8452,85.8538,85.8538,85.8624,85.8624,85.871,85.8796,85.8796,85.8796,85.8796,85.8796,85.8882,85.8882,85.8882,85.8882,85.8882,85.8968,85.8968,85.8968,85.8968,85.9054,85.9054,85.914,85.914,85.914,85.914,85.9226,85.9312,85.9398,85.957,85.957,85.9656,85.9656,85.9656,85.9742,85.9742,85.9742,85.9828,85.9828,85.9828,85.9828,85.9828,85.9828,85.9828,85.9914,85.9914,85.9914,85.9914,85.9914,85.9914,85.9914,85.9914,85.9914,85.9914,85.9914,85.9914,85.9914,86,86,86,86,86,86,86,86,86,86,86,86,86,86,86,86,86,86,86,86,86,86,86,86,86,86,86,86,86,86,86,86,86,86,86,86,86,86,86,86,86,86,86,86,86,86,86,86,86,86,86,86,86,86,86,86,86,86,86,86,86,86,86,86,86,86,86,86,86,86,86,86,86,86,86,86,86,86,86,86,86,86,86,86,86,86,86,86,86,86,86,86,86,86,86,86,86,86,86,86,86,86,86,86,86,86,86,86,86,86,86,86,86,86,86,86,86,86,86,86,86
"All","HepB-D2",0.073809,0.098412,0.131216,0.369045,0.664281,1.033326,1.664803,2.4603,4.149706,10.513682,23.823905,34.624622,43.555511,50.903607,56.291664,60.236345,63.738172,66.829949,68.995013,70.717223,72.144197,73.374347,74.284658,75.030949,75.662426,76.252898,76.736757,77.146807,77.548656,77.876696,78.196535,78.434364,78.672193,78.860816,79.05764,79.213459,79.361077,79.516896,79.656313,79.779328,79.87774,79.976152,80.074564,80.164775,80.246785,80.328795,80.386202,80.45181,80.509217,80.574825,80.632232,80.681438,80.730644,80.771649,80.812654,80.853659,80.911066,80.960272,81.001277,81.034081,81.075086,81.132493,81.222704,81.296513,81.362121,81.43593,81.485136,81.534342,81.567146,81.608151,81.640955,81.673759,81.698362,81.714764,81.731166,81.755769,81.772171,81.780372,81.796774,81.804975,81.813176,81.829578,81.837779,81.84598,81.854181,81.862382,81.862382,81.870583,81.870583,81.878784,81.878784,81.886985,81.886985,81.895186,81.895186,81.903387,81.903387,81.903387,81.911588,81.911588,81.911588,81.919789,81.919789,81.919789,81.92799,81.92799,81.92799,81.92799,81.936191,81.936191,81.936191,81.936191,81.944392,81.944392,81.952593,81.960794,81.968995,81.968995,81.977196,81.977196,81.985397,81.985397,81.985397,81.993598,81.993598,81.993598,81.993598,81.993598,82.001799,82.001799,82.001799,82.001799,82.001799,82.001799,82.001799,82.001799,82.001799,82.001799,82.001799,82.001799,82.001799,82.01,82.01,82.01,82.01,82.01,82.01,82.01,82.01,82.01,82.01,82.01,82.01,82.01,82.01,82.01,82.01,82.01,82.01,82.01,82.01,82.01,82.01,82.01,82.01,82.01,82.01,82.01,82.01,82.01,82.01,82.01,82.01,82.01,82.01,82.01,82.01,82.01,82.01,82.01,82.01,82.01,82.01,82.01,82.01,82.01,82.01,82.01,82.01,82.01,82.01,82.01,82.01,82.01,82.01,82.01,82.01,82.01,82.01,82.01,82.01,82.01,82.01,82.01,82.01,82.01,82.01,82.01,82.01,82.01,82.01,82.01,82.01,82.01,82.01,82.01,82.01,82.01,82.01,82.01,82.01,82.01,82.01,82.01,82.01,82.01,82.01,82.01,82.01,82.01,82.01,82.01,82.01,82.01,82.01,82.01,82.01,82.01,82.01,82.01,82.01,82.01,82.01,82.01,82.01,82.01,82.01,82.01,82.01,82.01,82.01,82.01,82.01,82.01,82.01,82.01,82.01,82.01,82.01,82.01
"All","HepB-D3",0.045978,0.053641,0.068967,0.07663,0.084293,0.114945,0.145597,0.199238,0.30652,0.482769,0.835267,1.325699,2.37553,6.076759,13.931334,23.119271,30.828249,37.648319,43.096712,47.342014,50.866994,53.985835,56.468647,58.484016,60.215854,62.14693,63.802138,65.143163,66.277287,67.20451,67.993799,68.675806,69.319498,69.88656,70.438296,70.88275,71.281226,71.664376,72.047526,72.407687,72.706544,72.997738,73.265943,73.511159,73.702734,73.886646,74.032243,74.170177,74.308111,74.423056,74.538001,74.63762,74.729576,74.798543,74.882836,74.94414,75.02077,75.082074,75.151041,75.220008,75.281312,75.334953,75.388594,75.434572,75.48055,75.541854,75.626147,75.718103,75.802396,75.879026,75.94033,76.001634,76.055275,76.101253,76.139568,76.177883,76.208535,76.24685,76.277502,76.300491,76.32348,76.346469,76.361795,76.377121,76.384784,76.40011,76.407773,76.423099,76.430762,76.438425,76.453751,76.461414,76.469077,76.469077,76.47674,76.484403,76.484403,76.492066,76.492066,76.492066,76.499729,76.507392,76.515055,76.515055,76.522718,76.522718,76.522718,76.522718,76.522718,76.530381,76.530381,76.538044,76.538044,76.538044,76.545707,76.545707,76.55337,76.55337,76.561033,76.576359,76.584022,76.591685,76.591685,76.599348,76.607011,76.607011,76.607011,76.607011,76.607011,76.614674,76.614674,76.614674,76.614674,76.622337,76.622337,76.622337,76.622337,76.622337,76.622337,76.622337,76.622337,76.622337,76.622337,76.622337,76.63,76.63,76.63,76.63,76.63,76.63,76.63,76.63,76.63,76.63,76.63,76.63,76.63,76.63,76.63,76.63,76.63,76.63,76.63,76.63,76.63,76.63,76.63,76.63,76.63,76.63,76.63,76.63,76.63,76.63,76.63,76.63,76.63,76.63,76.63,76.63,76.63,76.63,76.63,76.63,76.63,76.63,76.63,76.63,76.63,76.63,76.63,76.63,76.63,76.63,76.63,76.63,76.63,76.63,76.63,76.63,76.63,76.63,76.63,76.63,76.63,76.63,76.63,76.63,76.63,76.63,76.63,76.63,76.63,76.63,76.63,76.63,76.63,76.63,76.63,76.63,76.63,76.63,76.63,76.63,76.63,76.63,76.63,76.63,76.63,76.63,76.63,76.63,76.63,76.63,76.63,76.63,76.63,76.63,76.63,76.63,76.63,76.63,76.63,76.63,76.63,76.63,76.63,76.63,76.63,76.63,76.63,76.63,76.63,76.63,76.63,76.63,76.63,76.63,76.63,76.63
"All","Hib-D1",0.649194,1.215158,1.764476,2.904727,5.40995,22.63856,41.024067,49.230545,58.935163,64.977661,69.172453,72.068857,74.424266,75.889114,76.854582,77.695205,78.410983,78.935332,79.343159,79.659433,79.950738,80.217074,80.425149,80.624901,80.81633,80.957821,81.090989,81.207511,81.31571,81.407263,81.48217,81.557077,81.631984,81.690245,81.756829,81.831736,81.881674,81.923289,81.973227,82.014842,82.048134,82.089749,82.123041,82.172979,82.197948,82.23124,82.264532,82.297824,82.331116,82.364408,82.3977,82.430992,82.464284,82.489253,82.514222,82.530868,82.56416,82.64739,82.755589,82.788881,82.863788,82.905403,82.938695,82.963664,82.98031,82.996956,83.013602,83.021925,83.030248,83.038571,83.055217,83.055217,83.06354,83.071863,83.080186,83.088509,83.088509,83.096832,83.105155,83.105155,83.113478,83.113478,83.113478,83.121801,83.130124,83.130124,83.130124,83.138447,83.138447,83.14677,83.14677,83.14677,83.14677,83.14677,83.155093,83.155093,83.155093,83.155093,83.155093,83.163416,83.163416,83.163416,83.163416,83.163416,83.171739,83.171739,83.171739,83.171739,83.171739,83.180062,83.196708,83.196708,83.205031,83.205031,83.205031,83.205031,83.205031,83.213354,83.213354,83.213354,83.213354,83.213354,83.213354,83.221677,83.221677,83.221677,83.221677,83.221677,83.221677,83.221677,83.221677,83.221677,83.221677,83.221677,83.221677,83.23,83.23,83.23,83.23,83.23,83.23,83.23,83.23,83.23,83.23,83.23,83.23,83.23,83.23,83.23,83.23,83.23,83.23,83.23,83.23,83.23,83.23,83.23,83.23,83.23,83.23,83.23,83.23,83.23,83.23,83.23,83.23,83.23,83.23,83.23,83.23,83.23,83.23,83.23,83.23,83.23,83.23,83.23,83.23,83.23,83.23,83.23,83.23,83.23,83.23,83.23,83.23,83.23,83.23,83.23,83.23,83.23,83.23,83.23,83.23,83.23,83.23,83.23,83.23,83.23,83.23,83.23,83.23,83.23,83.23,83.23,83.23,83.23,83.23,83.23,83.23,83.23,83.23,83.23,83.23,83.23,83.23,83.23,83.23,83.23,83.23,83.23,83.23,83.23,83.23,83.23,83.23,83.23,83.23,83.23,83.23,83.23,83.23,83.23,83.23,83.23,83.23,83.23,83.23,83.23,83.23,83.23,83.23,83.23,83.23,83.23,83.23,83.23,83.23,83.23,83.23,83.23,83.23,83.23,83.23,83.23,83.23,83.23,83.23,83.23
"All","Hib-D2",0.015664,0.03916,0.054824,0.125312,0.242792,0.556072,1.05732,1.668216,3.281608,11.802824,26.910752,36.371808,44.13332,50.547728,55.442728,59.147264,62.530688,65.600832,67.566664,69.023416,70.237376,71.326024,72.070064,72.68096,73.197872,73.714784,74.098552,74.419664,74.732944,75.007064,75.273352,75.469152,75.649288,75.805928,75.962568,76.08788,76.20536,76.32284,76.448152,76.542136,76.628288,76.698776,76.769264,76.839752,76.894576,76.965064,77.02772,77.06688,77.121704,77.176528,77.207856,77.254848,77.30184,77.333168,77.372328,77.411488,77.45848,77.489808,77.521136,77.552464,77.591624,77.646448,77.740432,77.787424,77.842248,77.897072,77.944064,77.975392,77.998888,78.030216,78.053712,78.069376,78.08504,78.100704,78.108536,78.1242,78.132032,78.139864,78.155528,78.16336,78.171192,78.179024,78.179024,78.186856,78.194688,78.194688,78.194688,78.20252,78.20252,78.210352,78.210352,78.210352,78.218184,78.218184,78.226016,78.226016,78.226016,78.226016,78.233848,78.233848,78.233848,78.24168,78.24168,78.24168,78.24168,78.249512,78.249512,78.249512,78.257344,78.257344,78.257344,78.257344,78.265176,78.265176,78.273008,78.28084,78.288672,78.288672,78.288672,78.288672,78.296504,78.296504,78.296504,78.304336,78.304336,78.304336,78.304336,78.304336,78.304336,78.304336,78.312168,78.312168,78.312168,78.312168,78.312168,78.312168,78.312168,78.312168,78.312168,78.312168,78.312168,78.32,78.32,78.32,78.32,78.32,78.32,78.32,78.32,78.32,78.32,78.32,78.32,78.32,78.32,78.32,78.32,78.32,78.32,78.32,78.32,78.32,78.32,78.32,78.32,78.32,78.32,78.32,78.32,78.32,78.32,78.32,78.32,78.32,78.32,78.32,78.32,78.32,78.32,78.32,78.32,78.32,78.32,78.32,78.32,78.32,78.32,78.32,78.32,78.32,78.32,78.32,78.32,78.32,78.32,78.32,78.32,78.32,78.32,78.32,78.32,78.32,78.32,78.32,78.32,78.32,78.32,78.32,78.32,78.32,78.32,78.32,78.32,78.32,78.32,78.32,78.32,78.32,78.32,78.32,78.32,78.32,78.32,78.32,78.32,78.32,78.32,78.32,78.32,78.32,78.32,78.32,78.32,78.32,78.32,78.32,78.32,78.32,78.32,78.32,78.32,78.32,78.32,78.32,78.32,78.32,78.32,78.32,78.32,78.32,78.32,78.32,78.32,78.32,78.32,78.32,78.32,78.32,78.32,78.32
"All","Hib-D3",0.01452,0.01452,0.02178,0.02904,0.02904,0.05808,0.08712,0.12342,0.21054,0.37752,0.73326,1.1616,2.19252,7.20918,17.06826,26.23764,32.98218,39.05154,43.84314,47.75628,50.9289,53.71674,55.80762,57.47016,58.88586,60.70812,62.26176,63.40884,64.33812,65.1222,65.7756,66.3201,66.80652,67.25664,67.69224,68.05524,68.3529,68.62878,68.9337,69.21684,69.45642,69.67422,69.88476,70.07352,70.24776,70.40022,70.50912,70.61076,70.71966,70.79226,70.8939,70.97376,71.04636,71.09718,71.16252,71.21334,71.27868,71.3295,71.38032,71.4384,71.4747,71.52552,71.56182,71.60538,71.64168,71.69976,71.78688,71.88126,71.9466,72.00468,72.04824,72.0918,72.14262,72.17166,72.2007,72.22974,72.24426,72.2733,72.30234,72.31686,72.33864,72.35316,72.36768,72.37494,72.38946,72.39672,72.40398,72.41124,72.4185,72.42576,72.43302,72.44028,72.44028,72.44754,72.4548,72.4548,72.46206,72.46206,72.46932,72.46932,72.47658,72.47658,72.48384,72.48384,72.48384,72.4911,72.4911,72.49836,72.49836,72.49836,72.50562,72.50562,72.51288,72.51288,72.51288,72.52014,72.52014,72.5274,72.53466,72.55644,72.55644,72.5637,72.57096,72.57096,72.57822,72.57822,72.58548,72.58548,72.58548,72.58548,72.58548,72.58548,72.58548,72.58548,72.58548,72.58548,72.59274,72.59274,72.59274,72.59274,72.59274,72.59274,72.59274,72.59274,72.6,72.6,72.6,72.6,72.6,72.6,72.6,72.6,72.6,72.6,72.6,72.6,72.6,72.6,72.6,72.6,72.6,72.6,72.6,72.6,72.6,72.6,72.6,72.6,72.6,72.6,72.6,72.6,72.6,72.6,72.6,72.6,72.6,72.6,72.6,72.6,72.6,72.6,72.6,72.6,72.6,72.6,72.6,72.6,72.6,72.6,72.6,72.6,72.6,72.6,72.6,72.6,72.6,72.6,72.6,72.6,72.6,72.6,72.6,72.6,72.6,72.6,72.6,72.6,72.6,72.6,72.6,72.6,72.6,72.6,72.6,72.6,72.6,72.6,72.6,72.6,72.6,72.6,72.6,72.6,72.6,72.6,72.6,72.6,72.6,72.6,72.6,72.6,72.6,72.6,72.6,72.6,72.6,72.6,72.6,72.6,72.6,72.6,72.6,72.6,72.6,72.6,72.6,72.6,72.6,72.6,72.6,72.6,72.6,72.6,72.6,72.6,72.6,72.6,72.6,72.6
"All","PCV-D1",0.434889,0.891891,1.378377,2.329236,4.525794,19.835361,35.918883,43.444674,51.309531,56.336553,59.896746,62.181756,63.936054,65.174382,66.022047,66.788631,67.385682,67.901652,68.358654,68.734575,69.029415,69.316884,69.567498,69.766515,69.987645,70.179291,70.370937,70.547841,70.724745,70.842681,70.945875,71.063811,71.174376,71.262828,71.343909,71.439732,71.483958,71.542926,71.609265,71.682975,71.741943,71.786169,71.830395,71.874621,71.911476,71.94096,71.977815,72.022041,72.058896,72.095751,72.191574,72.338994,72.501156,72.663318,72.766512,72.82548,72.869706,72.965529,73.061352,73.098207,73.157175,73.201401,73.230885,73.252998,73.275111,73.289853,73.304595,73.311966,73.319337,73.334079,73.34145,73.348821,73.363563,73.370934,73.378305,73.385676,73.393047,73.400418,73.41516,73.422531,73.429902,73.429902,73.437273,73.444644,73.444644,73.452015,73.452015,73.459386,73.459386,73.466757,73.466757,73.474128,73.474128,73.481499,73.481499,73.48887,73.48887,73.496241,73.496241,73.496241,73.503612,73.503612,73.503612,73.510983,73.510983,73.518354,73.518354,73.525725,73.525725,73.540467,73.547838,73.547838,73.555209,73.555209,73.56258,73.56258,73.56258,73.569951,73.577322,73.577322,73.584693,73.584693,73.584693,73.592064,73.592064,73.592064,73.599435,73.599435,73.599435,73.599435,73.599435,73.606806,73.606806,73.614177,73.614177,73.621548,73.621548,73.621548,73.621548,73.628919,73.628919,73.628919,73.628919,73.628919,73.63629,73.63629,73.63629,73.63629,73.63629,73.63629,73.643661,73.643661,73.643661,73.643661,73.643661,73.643661,73.643661,73.651032,73.651032,73.651032,73.651032,73.651032,73.658403,73.658403,73.658403,73.658403,73.665774,73.665774,73.665774,73.665774,73.665774,73.673145,73.673145,73.673145,73.673145,73.673145,73.673145,73.673145,73.673145,73.673145,73.673145,73.673145,73.673145,73.680516,73.680516,73.680516,73.680516,73.680516,73.687887,73.687887,73.687887,73.687887,73.687887,73.687887,73.687887,73.687887,73.687887,73.687887,73.695258,73.695258,73.695258,73.695258,73.695258,73.695258,73.702629,73.702629,73.702629,73.702629,73.702629,73.702629,73.702629,73.702629,73.702629,73.702629,73.702629,73.702629,73.702629,73.702629,73.71,73.71,73.71,73.71,73.71,73.71,73.71,73.71,73.71,73.71,73.71,73.71,73.71,73.71,73.71,73.71,73.71,73.71,73.71,73.71,73.71,73.71,73.71,73.71,73.71,73.71,73.71,73.71,73.71,73.71,73.71,73.71,73.71,73.71,73.71,73.71,73.71,73.71,73.71,73.71,73.71,73.71
"All","PCV-D2",0.013692,0.027384,0.047922,0.095844,0.191688,0.44499,0.85575,1.417122,2.834244,10.207386,22.947792,31.073994,37.564002,42.903882,46.908792,50.003184,52.775814,55.343064,57.102486,58.519608,59.614968,60.628176,61.360698,61.908378,62.442366,62.990046,63.46242,63.852642,64.222326,64.544088,64.838466,65.057538,65.269764,65.468298,65.659986,65.837982,66.009132,66.16659,66.330894,66.460968,66.591042,66.700578,66.810114,66.912804,66.994956,67.070262,67.138722,67.186644,67.248258,67.303026,67.344102,67.39887,67.460484,67.50156,67.542636,67.590558,67.631634,67.67271,67.700094,67.734324,67.7754,67.837014,67.91232,67.94655,67.994472,68.04924,68.090316,68.1177,68.138238,68.172468,68.193006,68.213544,68.227236,68.234082,68.25462,68.268312,68.275158,68.28885,68.295696,68.302542,68.309388,68.316234,68.32308,68.32308,68.329926,68.336772,68.336772,68.336772,68.343618,68.350464,68.350464,68.35731,68.35731,68.364156,68.364156,68.364156,68.371002,68.371002,68.377848,68.377848,68.377848,68.377848,68.377848,68.384694,68.384694,68.39154,68.39154,68.39154,68.398386,68.398386,68.398386,68.398386,68.398386,68.398386,68.405232,68.412078,68.412078,68.418924,68.418924,68.418924,68.42577,68.42577,68.42577,68.42577,68.42577,68.432616,68.432616,68.432616,68.439462,68.439462,68.439462,68.439462,68.439462,68.439462,68.439462,68.439462,68.439462,68.439462,68.446308,68.446308,68.446308,68.446308,68.446308,68.446308,68.453154,68.453154,68.453154,68.453154,68.453154,68.453154,68.453154,68.453154,68.453154,68.453154,68.453154,68.453154,68.453154,68.453154,68.453154,68.453154,68.453154,68.453154,68.453154,68.453154,68.453154,68.453154,68.453154,68.453154,68.453154,68.453154,68.453154,68.453154,68.453154,68.453154,68.453154,68.453154,68.453154,68.453154,68.453154,68.453154,68.453154,68.453154,68.453154,68.453154,68.453154,68.453154,68.46,68.46,68.46,68.46,68.46,68.46,68.46,68.46,68.46,68.46,68.46,68.46,68.46,68.46,68.46,68.46,68.46,68.46,68.46,68.46,68.46,68.46,68.46,68.46,68.46,68.46,68.46,68.46,68.46,68.46,68.46,68.46,68.46,68.46,68.46,68.46,68.46,68.46,68.46,68.46,68.46,68.46,68.46,68.46,68.46,68.46,68.46,68.46,68.46,68.46,68.46,68.46,68.46,68.46,68.46,68.46,68.46,68.46,68.46,68.46,68.46,68.46,68.46,68.46,68.46,68.46,68.46,68.46,68.46,68.46,68.46,68.46,68.46,68.46
"All","PCV-D3",0.006638,0.006638,0.013276,0.019914,0.019914,0.039828,0.06638,0.106208,0.172588,0.305348,0.617334,1.048804,1.9914,6.67119,15.718784,23.916714,29.950656,35.174762,39.29696,42.801824,45.483576,47.786962,49.638964,51.17898,52.480028,54.006768,55.341006,56.38981,57.206284,57.856808,58.487418,59.005182,59.449928,59.87476,60.30623,60.684596,60.996582,61.341758,61.813056,62.29763,62.66272,62.941516,63.187122,63.412814,63.638506,63.811094,63.943854,64.083252,64.216012,64.328858,64.441704,64.547912,64.667396,64.740414,64.813432,64.873174,64.932916,65.012572,65.072314,65.132056,65.178522,65.231626,65.271454,65.31792,65.371024,65.437404,65.530336,65.61663,65.696286,65.74939,65.789218,65.835684,65.875512,65.908702,65.935254,65.968444,65.988358,66.01491,66.061376,66.08129,66.101204,66.11448,66.127756,66.141032,66.154308,66.167584,66.18086,66.18086,66.187498,66.194136,66.200774,66.207412,66.21405,66.220688,66.227326,66.233964,66.233964,66.240602,66.24724,66.24724,66.253878,66.253878,66.260516,66.267154,66.273792,66.273792,66.28043,66.28043,66.28043,66.287068,66.287068,66.293706,66.293706,66.300344,66.300344,66.300344,66.306982,66.31362,66.320258,66.333534,66.340172,66.340172,66.34681,66.34681,66.353448,66.353448,66.353448,66.360086,66.360086,66.360086,66.360086,66.360086,66.360086,66.360086,66.360086,66.360086,66.360086,66.366724,66.366724,66.366724,66.366724,66.366724,66.366724,66.373362,66.373362,66.373362,66.38,66.38,66.38,66.38,66.38,66.38,66.38,66.38,66.38,66.38,66.38,66.38,66.38,66.38,66.38,66.38,66.38,66.38,66.38,66.38,66.38,66.38,66.38,66.38,66.38,66.38,66.38,66.38,66.38,66.38,66.38,66.38,66.38,66.38,66.38,66.38,66.38,66.38,66.38,66.38,66.38,66.38,66.38,66.38,66.38,66.38,66.38,66.38,66.38,66.38,66.38,66.38,66.38,66.38,66.38,66.38,66.38,66.38,66.38,66.38,66.38,66.38,66.38,66.38,66.38,66.38,66.38,66.38,66.38,66.38,66.38,66.38,66.38,66.38,66.38,66.38,66.38,66.38,66.38,66.38,66.38,66.38,66.38,66.38,66.38,66.38,66.38,66.38,66.38,66.38,66.38,66.38,66.38,66.38,66.38,66.38,66.38,66.38,66.38,66.38,66.38,66.38,66.38,66.38,66.38,66.38,66.38,66.38,66.38,66.38,66.38,66.38,66.38,66.38
"All","RV-D1",0.415208,0.707608,1.017552,1.713464,3.111136,11.438688,22.438776,29.304328,36.661112,42.13484,45.78984,48.04132,49.865896,51.14076,51.936088,52.596912,53.181712,53.68464,54.041368,54.322072,54.567688,54.789912,54.977048,55.134944,55.2636,55.386408,55.479976,55.579392,55.667112,55.737288,55.784072,55.836704,55.889336,55.941968,55.982904,56.02384,56.064776,56.117408,56.19928,56.304544,56.386416,56.46244,56.526768,56.5794,56.626184,56.66712,56.69636,56.731448,56.766536,56.81332,56.90104,57.041392,57.19344,57.33964,57.450752,57.538472,57.596952,57.678824,57.77824,57.842568,57.918592,57.977072,58.018008,58.053096,58.076488,58.09988,58.123272,58.140816,58.152512,58.170056,58.181752,58.193448,58.199296,58.21684,58.222688,58.234384,58.240232,58.257776,58.263624,58.27532,58.281168,58.287016,58.292864,58.298712,58.30456,58.310408,58.316256,58.322104,58.327952,58.327952,58.3338,58.339648,58.345496,58.351344,58.351344,58.351344,58.357192,58.357192,58.357192,58.36304,58.368888,58.368888,58.374736,58.380584,58.380584,58.386432,58.386432,58.39228,58.398128,58.398128,58.403976,58.415672,58.42152,58.42152,58.427368,58.433216,58.433216,58.433216,58.433216,58.439064,58.444912,58.444912,58.444912,58.444912,58.45076,58.45076,58.45076,58.45076,58.45076,58.456608,58.456608,58.456608,58.456608,58.462456,58.462456,58.462456,58.462456,58.462456,58.462456,58.462456,58.462456,58.462456,58.462456,58.462456,58.462456,58.468304,58.468304,58.468304,58.468304,58.468304,58.468304,58.468304,58.468304,58.468304,58.468304,58.468304,58.468304,58.468304,58.468304,58.468304,58.468304,58.468304,58.468304,58.468304,58.474152,58.474152,58.474152,58.474152,58.474152,58.474152,58.474152,58.474152,58.474152,58.474152,58.474152,58.474152,58.474152,58.474152,58.474152,58.474152,58.474152,58.474152,58.474152,58.474152,58.474152,58.474152,58.474152,58.474152,58.474152,58.474152,58.474152,58.474152,58.474152,58.474152,58.474152,58.474152,58.474152,58.474152,58.474152,58.474152,58.474152,58.474152,58.474152,58.474152,58.48,58.48,58.48,58.48,58.48,58.48,58.48,58.48,58.48,58.48,58.48,58.48,58.48,58.48,58.48,58.48,58.48,58.48,58.48,58.48,58.48,58.48,58.48,58.48,58.48,58.48,58.48,58.48,58.48,58.48,58.48,58.48,58.48,58.48,58.48,58.48,58.48,58.48,58.48,58.48,58.48,58.48,58.48,58.48,58.48,58.48,58.48,58.48,58.48,58.48,58.48,58.48,58.48,58.48,58.48,58.48
"All","RV-D2",0.02677,0.048186,0.058894,0.10708,0.18739,0.337302,0.61571,1.006552,1.889962,5.830506,13.165486,18.851434,23.868132,28.199518,31.545768,34.50653,37.526186,40.433408,42.757044,44.406076,45.72316,46.895686,47.73091,48.298434,48.807064,49.326402,49.770784,50.102732,50.386494,50.654194,50.88977,51.055744,51.200302,51.328798,51.441232,51.537604,51.623268,51.71964,51.821366,51.901676,51.976632,52.04088,52.09442,52.158668,52.2015,52.244332,52.287164,52.324642,52.36212,52.394244,52.426368,52.458492,52.490616,52.512032,52.533448,52.565572,52.592342,52.613758,52.640528,52.667298,52.694068,52.7369,52.795794,52.84398,52.89752,52.945706,52.988538,53.020662,53.05814,53.095618,53.143804,53.175928,53.197344,53.21876,53.240176,53.266946,53.277654,53.29907,53.315132,53.331194,53.347256,53.357964,53.374026,53.37938,53.390088,53.395442,53.395442,53.400796,53.411504,53.416858,53.422212,53.422212,53.427566,53.43292,53.43292,53.43292,53.438274,53.443628,53.448982,53.448982,53.448982,53.454336,53.454336,53.465044,53.465044,53.465044,53.465044,53.465044,53.470398,53.470398,53.470398,53.470398,53.475752,53.481106,53.48646,53.497168,53.502522,53.507876,53.507876,53.51323,53.51323,53.51323,53.518584,53.518584,53.518584,53.523938,53.523938,53.523938,53.523938,53.529292,53.529292,53.529292,53.529292,53.529292,53.529292,53.529292,53.534646,53.534646,53.534646,53.534646,53.534646,53.534646,53.534646,53.534646,53.534646,53.534646,53.54,53.54,53.54,53.54,53.54,53.54,53.54,53.54,53.54,53.54,53.54,53.54,53.54,53.54,53.54,53.54,53.54,53.54,53.54,53.54,53.54,53.54,53.54,53.54,53.54,53.54,53.54,53.54,53.54,53.54,53.54,53.54,53.54,53.54,53.54,53.54,53.54,53.54,53.54,53.54,53.54,53.54,53.54,53.54,53.54,53.54,53.54,53.54,53.54,53.54,53.54,53.54,53.54,53.54,53.54,53.54,53.54,53.54,53.54,53.54,53.54,53.54,53.54,53.54,53.54,53.54,53.54,53.54,53.54,53.54,53.54,53.54,53.54,53.54,53.54,53.54,53.54,53.54,53.54,53.54,53.54,53.54,53.54,53.54,53.54,53.54,53.54,53.54,53.54,53.54,53.54,53.54,53.54,53.54,53.54,53.54,53.54,53.54,53.54,53.54,53.54,53.54,53.54,53.54,53.54,53.54,53.54,53.54,53.54,53.54,53.54,53.54,53.54,53.54
"All","RV-D3",0.01626,0.019512,0.026016,0.03252,0.039024,0.055284,0.071544,0.104064,0.156096,0.214632,0.331704,0.517068,0.904056,1.746324,3.645492,6.767412,10.12998,13.596612,16.464876,18.630708,20.380284,21.973764,23.258304,24.250164,25.050156,25.88592,26.555832,27.1542,27.635496,28.051752,28.412724,28.789956,29.07288,29.33304,29.599704,29.807832,29.9997,30.165552,30.34116,30.523272,30.676116,30.822456,30.955788,31.076112,31.163916,31.238712,31.310256,31.372044,31.433832,31.489116,31.547652,31.59318,31.632204,31.667976,31.710252,31.73952,31.775292,31.801308,31.833828,31.866348,31.892364,31.908624,31.937892,31.960656,31.980168,32.006184,32.038704,32.071224,32.103744,32.139516,32.185044,32.220816,32.250084,32.272848,32.295612,32.30862,32.32488,32.337888,32.344392,32.3574,32.367156,32.376912,32.386668,32.38992,32.393172,32.402928,32.409432,32.412684,32.419188,32.425692,32.432196,32.432196,32.4387,32.445204,32.448456,32.448456,32.451708,32.45496,32.45496,32.458212,32.458212,32.461464,32.464716,32.464716,32.464716,32.467968,32.47122,32.47122,32.474472,32.474472,32.474472,32.474472,32.477724,32.477724,32.480976,32.480976,32.48748,32.490732,32.490732,32.493984,32.497236,32.500488,32.500488,32.50374,32.50374,32.506992,32.506992,32.506992,32.506992,32.506992,32.510244,32.510244,32.510244,32.510244,32.513496,32.513496,32.513496,32.513496,32.516748,32.516748,32.516748,32.52,32.52,32.52,32.52,32.52,32.52,32.52,32.52,32.52,32.52,32.52,32.52,32.52,32.52,32.52,32.52,32.52,32.52,32.52,32.52,32.52,32.52,32.52,32.52,32.52,32.52,32.52,32.52,32.52,32.52,32.52,32.52,32.52,32.52,32.52,32.52,32.52,32.52,32.52,32.52,32.52,32.52,32.52,32.52,32.52,32.52,32.52,32.52,32.52,32.52,32.52,32.52,32.52,32.52,32.52,32.52,32.52,32.52,32.52,32.52,32.52,32.52,32.52,32.52,32.52,32.52,32.52,32.52,32.52,32.52,32.52,32.52,32.52,32.52,32.52,32.52,32.52,32.52,32.52,32.52,32.52,32.52,32.52,32.52,32.52,32.52,32.52,32.52,32.52,32.52,32.52,32.52,32.52,32.52,32.52,32.52,32.52,32.52,32.52,32.52,32.52,32.52,32.52,32.52,32.52,32.52,32.52,32.52,32.52,32.52,32.52,32.52,32.52,32.52,32.52,32.52,32.52,32.52,32.52
